,0.0,5.0,accuracy,macro avg,weighted avg
precision,0.9918431612670435,0.951515033834623,0.9704820578222547,0.9716790975508333,0.9713630392441192
recall,0.947818818243561,0.9924457991149636,0.9704820578222547,0.9701323086792623,0.9704820578222547
f1-score,0.9693313813701498,0.9715495107903684,0.9704820578222547,0.9704404460802591,0.9704578299330007
support,95705.0,98753.0,0.9704820578222547,194458.0,194458.0
