,0.0,5.0,accuracy,macro avg,weighted avg
precision,0.9688299985664257,0.9897107438016529,0.9792243055055591,0.9792703711840394,0.9794442181151802
recall,0.9895826796360213,0.9692052444156685,0.9792243055055591,0.9793939620258449,0.9792243055055591
f1-score,0.9790963842953825,0.9793506705920837,0.9792243055055591,0.9792235274437331,0.9792256445564996
support,95610.0,98848.0,0.9792243055055591,194458.0,194458.0
