,0.0,5.0,accuracy,macro avg,weighted avg
precision,0.9922827461111416,0.9440251997719653,0.9665994713511401,0.9681539729415535,0.9678628761399004
recall,0.9396914299991671,0.9928659986585638,0.9665994713511401,0.9662787143288655,0.9665994713511401
f1-score,0.965271279695863,0.9678298125263133,0.9665994713511401,0.9665505461110881,0.9665659795672079
support,96056.0,98402.0,0.9665994713511401,194458.0,194458.0
