,0.0,5.0,accuracy,macro avg,weighted avg
precision,0.83578083057003,0.9533867229898207,0.9465285451197053,0.8945837767799254,0.9424924754967904
recall,0.5261431411530815,0.9894459102902374,0.9465285451197053,0.7577945257216594,0.9465285451197053
f1-score,0.6457634356127615,0.9710816853994133,0.9465285451197053,0.8084225605060874,0.9409463116162299
support,10060.0,98540.0,0.9465285451197053,108600.0,108600.0
