,recall,precision,specificity,accuracy,f1_score
0,0.9655710824928345,0.9366000801569389,0.7866098686545971,0.923608614007751,0.9508649600178174
