,recall,precision,specificity,accuracy,f1_score
0,0.9989170287444057,0.9241410390017986,0.9140212062478623,0.9574753226862096,0.9600752429720973
