,0.0,5.0,accuracy,macro avg,weighted avg
precision,0.8915022761760243,0.948348947042428,0.9455893186003683,0.9199256116092261,0.9430950793123535
recall,0.46826741058085086,0.9941966052169678,0.9455893186003683,0.7312320078989094,0.9455893186003683
f1-score,0.6140178979685152,0.9707317314788674,0.9455893186003683,0.7923748147236913,0.9377636214701804
support,10037.0,98563.0,0.9455893186003683,108600.0,108600.0
