,0.0,5.0,accuracy,macro avg,weighted avg
precision,0.6046563856864801,0.9799563217908066,0.9337937384898711,0.7923063537386433,0.945446697831895
recall,0.808832365311436,0.9464477660372766,0.9337937384898711,0.8776400656743564,0.9337937384898711
f1-score,0.6919979437971214,0.9629106140640475,0.9337937384898711,0.8274542789305845,0.937999620276888
support,9986.0,98614.0,0.9337937384898711,108600.0,108600.0
