,0.0,5.0,accuracy,macro avg,weighted avg
precision,0.6172782774240136,0.9929632525410477,0.9402670349907919,0.8051207649825307,0.9581622318257865
recall,0.9346918489065607,0.9408362086462351,0.9402670349907919,0.9377640287763979,0.9402670349907919
f1-score,0.7435258767247854,0.9661971684201203,0.9402670349907919,0.8548615225724528,0.945570343425138
support,10060.0,98540.0,0.9402670349907919,108600.0,108600.0
