,recall,precision,specificity,accuracy,f1_score
0,0.9907316797362595,0.9523236174517968,0.5142066027689031,0.9465860030465907,0.9711480455918434
